license_no,yelp_id,inspection_name,inspection_address,yelp_name,yelp_address
2664160.0,0,SABROSO,624 N ASHLAND AVE ,,
2621900.0,rsZ6Qd_lxW2NEKK5vy8ZVg,POLITAN ROW,111 N ABERDEEN ST ,Politan Row Chicago,111 N Aberdeen St
2664063.0,9Gei7OFl8mtKBzsSQvgQqQ,ANTHONY'S DINER,7544 W ADDISON ST ,Rick's Diner,7544 W Addison St
2664156.0,VS6BQRqCm5jZ-7jXMTwfSg,EL NUEVO PUERTO MARISCOS AND GRILL,2752 W LAWRENCE AVE ,El Puerto Mariscos & Grill,2752 W Lawrence Ave
2398055.0,hv9IJpOjOkigqN7n8BeS4A,D FRUTA LA VIDA LLC,3739 W FULLERTON AVE ,D Fruta La Vida,3739 W Fullerton Ave
1095992.0,k6-CqrC7IiIsMpypP4vaZw,LAS ISLAS MARIAS,4770 W GRAND AVE ,Las Islas Marias,4770 W Grand Ave
2664659.0,hmX4VH9WgDrEL9HJKcCL5A,TOM AND JERRY'S,6359 W MONTROSE AVE ,Tom & Jerry's,6359 W Montrose Ave
2506262.0,1GiybV2faVpTt1zw13CzLA,RANGOLI,2421 W NORTH AVE ,Rangoli,2421 W North Ave
2622063.0,0,DEVIL DAWGS,939 W BELMONT AVE ,,
2617403.0,XW6EiWtKY4-ZBq7TYUowiQ,BIRRIERIA TAPATIA,2861 W CERMAK RD ,Birrieria La Tapatia De Ocotlan,2861 W Cermak Rd
2458216.0,MRZRq78_bY3zi4t0iPmNAQ,SUGAR FACTORY,55 E GRAND AVE ,Sugar Factory - American Brasserie,55 E Grand Ave
2549711.0,7erf6yRfYGkrQAuLo9e9xA,SCHUBA'S TAVERN/TIED HOUSE,3153-3159 N SOUTHPORT AVE ,Schubas Tavern,3159 N Southport Ave
2658537.0,0,D CUISINE,2723 N CLARK ST ,,
1647557.0,TC8tG6To87DUzC365njvXw,RIVER ROAST,315 N LA SALLE DR ,River Roast,315 N La Salle Dr
1969627.0,0,NEW PINE VALLEY RESTAURANT,1600 S PULASKI RD ,,
2621121.0,a3DwTLYFIwLo0kESduHvhQ,606 CAFE/BAR,1641 W CHICAGO AVE ,Six06 Cafe Bar,1641 W Chicago Ave
2646817.0,0,HOMEWOOD SUITES BY HILTON CHICAGO DOWNTOWN SOUTHLO,1101 S WABASH AVE ,,
2646294.0,0,HOMEWOOD SUITES BY HILTON CHICAGO DOWNTOWN SOUTHLO,1101 S WABASH AVE ,,
26892.0,SuUn5MWCOGTZ8VI2WM8TJg,LA FLOR DE ACAPULCO INC,6021 W GRAND AVE ,La Flor De Acapulco,6021 W Grand Ave
1488911.0,VtB2vdE53yEG6V_TMYGX9g,SUBWAY 26199,2851 N MILWAUKEE AVE ,Subway,2851 N Milwaukee Ave
2164181.0,qGtrDyj_z8Q2SQx2gB_WPQ,DELICIAS MEXICANA RESTAURANT,4148 W 26TH ST ,Delicias Mexicanas,4148 W 26th St
2463242.0,0,CRAWFORDS,3938-3942 W SCHOOL ST ,,
58047.0,2mI4cfD0A2jjCJdE-WJ39A,GORILLA SUSHI BAR ON CLARK,4617 N CLARK ST ,Gorilla Sushi On Clark Street,4617 N Clark St
2664015.0,0,T-TIME NUTRITION,3028 W CERMAK RD ,,
27123.0,3ORa0JxpFcj6mDJzdSJy6Q,CHINA EXPRESS REST,5663 W GRAND AVE ,China Express,5663 W Grand Ave
2663790.0,0,DOGGONE'S,3301 W ARMITAGE AVE ,,
1383191.0,mrzva_SGPOfnnpIBa9mN1w,SOUTHSIDE SHRIMP,10410 S KEDZIE AVE ,Frank's Chicago Style Shrimp,10410 S Kedzie Ave
2088868.0,xpNlhoJhrquywsdZqPayjA,THE COMMON CUP,1501-1503 W MORSE AVE ,Common Cup,1501 W Morse Ave
1910293.0,Hff8zm1xUODJTuCS9ZIdLw,"SU TAQUERIA EL GALLO BRAVO 5, INC.",1429 W MONTROSE AVE ,El Gallo Bravo,1429 W Montrose Ave
2496144.0,a3DwTLYFIwLo0kESduHvhQ,606 CAFE/BAR,1641 W CHICAGO AVE ,Six06 Cafe Bar,1641 W Chicago Ave
2646295.0,0,HOMEWOOD SUITES BY HILTON CHICAGO DOWNTOWN SOUTHLO,1101 S WABASH AVE ,,
2664804.0,0,FLAVA FOOD 4 THE SOUL,3952 W 16TH ST ,,
2583373.0,b3TqI7GswQ6gzXWR_2SbVw,GORDITAS LOLI'S #2,3650 W BELMONT AVE ,Gorditas Loli's,3650 w Belmont ave
29514.0,DodyYkChG20rqx3-zs8M-Q,LINDY'S CHILI- GERTIE'S ICE CREAM & CHILI,11009 S KEDZIE AVE ,Lindy's Chili & Gertie's Ice Cream,11009 S Kedzie Ave
2340664.0,LBfrLmm1jWYTeqWzsM_S4A,FRIDA ROOM,1454 W 18TH ST ,Frida Room,1454 W 18th St
2079385.0,hCmNPpGSwfKdhYoGOMQS4Q,Subway,1406 W 18th ST ,Subway,1406 W 18th St
2664621.0,0,PETE'S GRILL,7557 N PAULINA ST ,,
2646641.0,L6n4bNehSO73aS--FbP-fA,BACON & JAM,3335 W 111TH ST ,Bacon and Jam,3335 W 111th St
2055272.0,CjNwD_zz4Go5h0kKXl58rA,SYDNEY MAROVITZ GOLF COURSE,3600 N RECREATION DR ,Sydney R. Marovitz Golf Course,3600 N Recreation Dr
1799063.0,yyZgY3ttGa_MzIyi3UhNEA,AMC THEATRES FORD CITY 14,7601 S CICERO AVE ,AMC Ford City 14,7601 South Cicero Ave
54882.0,P81v73AYNZALWOkYczY7PA,BARNES & NOBLES BOOKSELLERS #2780,1441 W WEBSTER AVE ,Barnes & Noble,1441 W Webster Ave
2183957.0,iYkSApULC1fOAdG-zBhtWg,BADOU SENEGALESE CUISINE,2055 W HOWARD ST ,Badou Senegalese Cuisine,2055 W Howard St
1869112.0,UjoGRqKMSI1V0f3BsOyPhQ,JOHN'S PLACE,2132 W ROSCOE ST ,John's Place,2132 W Roscoe St
2078867.0,JmcaVh4YXDvZwUKH3f8v-Q,TAQUERIA  CD  HIDALGO,7104 N CLARK ST ,Taqueria & Restaurant Cd. Hidalgo,7104 N Clark
2595407.0,0,CAPITAL ONE CAFE,100 S STATE ST ,,
2483154.0,T1dv09OKSxmuitPVLXD5Aw,SERAI,2169-2171 N MILWAUKEE AVE ,Serai,2169 N Milwaukee Ave
1475925.0,UfmcQ0j_HRw0EYMMugJQAQ,CARMELITA'S TAQUERIA,1206 W LAWRENCE AVE ,Carmela's Taqueria,1206 W Lawrence Ave
1840862.0,VD1NSf4fnFedssyxl1an9A,LA CHOZA MEXICAN GRILL,7022 N CLARK ST ,La Choza Mexican Grill,7022 N Clark St
2404689.0,0,PAK-GARCIA HOSPITALITY CORP,2015 W ROSCOE ST ,,
2664725.0,cx4CJLlDqcjDJb1ec9pFPQ,TABAQ RESTAURANT,1245 N CLYBOURN AVE ,Tabaq Restaurant,1245 N Clybourn St
2458106.0,4BIQGbl3u1gzfTYGjuG32g,CORNERSTONE CAFE-LINCOLN PARK,2200-2202 N CLYBOURN AVE ,CornerStone Café,2200 N Clybourn Ave
2138319.0,BzNyUjDlRYXVmzOi_a1VnA,DON PEPE CARNES EN SU JUGO,3616 W 26TH ST ,Don Pepe Carnes en su Jugo,3616 W 26th St
1492724.0,Tt8HScLMTomfihDsdinccg,SUBWAY STORE  # 25458,1818 W MONTROSE AVE ,Subway,1818 W Montrose Ave
2289423.0,cKH4p-pGXtr7Cl091uxPXg,ASIAN CAFE,1053 W BELMONT AVE ,Jin Asian Cafe,1053 W Belmont Ave
1874185.0,PsPpiyliUWvCCwrCjOza0g,ANN SATHER RESTAURANT,909 W BELMONT AVE ,Ann Sather Restaurant,909 W Belmont Ave
8238.0,GfCIGAX0x9eGXgiY3sSCFw,LA FONTANELLA,2414 S OAKLEY AVE ,La Fontanella Restaurant,2414 S Oakley Ave
2202462.0,fisvNtPsL4wTOt88Hu_cpQ,SOL CAFE,1615 W HOWARD ST ,Sol Cafe,1615 W Howard St
22697.0,yORrTFkpT_JZdm2vtGDjxw,NEW WARSAW RESTAURANT,6250 W 63RD ST ,New Warsaw,6250 W 63rd St
2069984.0,6srySY_5dJw2CvG3hC9frA,Tapia's Pizzeria Inc,2349 W HOWARD ST ,Tapia's Pizzeria,2349 W Howard St
2522831.0,12r7JNZSuvO4bhpf0NQoZg,SUBWAY,5409 S HARLEM AVE ,Subway,5409 S Harlem Ave
1821381.0,VAregVfBNLYr9qz-cexxiw,CAFE ORCHID,1746 W ADDISON ST ,Café Orchid,1746 W Addison St
2428843.0,mFV0SmZijEQBUJh9jA9tHw,A LIL SOMTHING HOT,1455 W 103RD ST ,A Lil Something Hot,1455 W 103rd St
1574489.0,quuzoGbi-EHSGwMcXB1RbA,SUBWAY,2300 N MILWAUKEE AVE ,Subway,2300 N Milwaukee Ave
2113557.0,yaiXfc_kFJbKyHXbD62jjQ,BREE'S THAI RICE & NOODLE,5306 S CENTRAL AVE ,Bree Thai Restaurant,5306 S Central Ave
61226.0,0,DON'S HOT DOGS,7748 S KEDZIE AVE ,,
1942358.0,IXwvEhZWkVR_bDfZs7dbhg,SHARKS FISH TONY STEAK,805 W 111TH ST ,Sharks Fish & Tonys Steak,805 W 111th St
71964.0,fGNGjLrTKb75W94DXiWCxw,IGNOTZ' RISTORANTE,2421 S OAKLEY AVE ,Ignotz Ristorante,2421 S Oakley Ave
19419.0,J-jDDJYyPPsLg84jbJntfA,"THE VILLAGE TAP, INC.",2055 W ROSCOE ST ,Village Tap,2055 W Roscoe St
43519.0,3K8whWvhWypsf44WU1yBjw,EL MILAGRO,3050-3052 W 26TH ST ,Taqueria El Milagro,3050 W 26th St
2234977.0,hmX4VH9WgDrEL9HJKcCL5A,TOM AND JERRY FAST FOOD,6359 W MONTROSE AVE ,Tom & Jerry's,6359 W Montrose Ave
2565135.0,LDkDsttuSBvlYQftP2xmSQ,D ARCO'S PIZZA INC.,2819 W 63RD ST ,De Arco's Pizza,2819 W 63rd St
2657950.0,Gbu8REboNkY_R4xXDJeLYg,BORDEAUX LOUNGE BY TURQUOISE,2147 W ROSCOE ST ,Bordeaux Lounge by Turquoise,2147 W Roscoe St
2446242.0,KwbhZi_V-d2NfiX6gRu9pw,A & C FAST FOOD,5101 W NORTH AVE ,R & B Fast Food,5101 W N Ave
2657949.0,Gbu8REboNkY_R4xXDJeLYg,BORDEAUX LOUNGE BY TURQUOISE,2147 W ROSCOE ST ,Bordeaux Lounge by Turquoise,2147 W Roscoe St
2637147.0,0,STONE FLOWER,1952 N DAMEN AVE ,,
2189351.0,0,MARKLAND-HUBBARD GOURMET PROVISIONS,1739 W 99TH ST ,,
2334077.0,vYf4Lo0oUZcrVapLH1huBA,ALTIRO,2116 W ROSCOE ST ,Altiro Latin Fusion - Roscoe,2116 W Roscoe St
2293828.0,5OyWjHapQGzLYQWuZRL8SA,"ROSCOE-DAMEN, CORP.",2000 W ROSCOE ST ,Retro on Roscoe,2000 W Roscoe St
2637146.0,0,STONE FLOWER,1952 N DAMEN AVE ,,
2658934.0,0BPBapHrwWuFp5_Tmun79A,NIBBLES & NOSH/MIDNIGHT MAC & CHEESERIE/XO MARSHMA,6977-6981 N SHERIDAN RD ,Nibbles and Nosh,6981 N Sheridan Rd
2261769.0,HP3zkN0SvoDzQiOdiMAKLw,CHENG CHOPSTICKS,3054 W ARMITAGE AVE ,Cheng Chopsticks,3054 W Armitage Ave
26898.0,nbbwOgv57uzt5A9UfGtX3w,VEE-VEE'S AFRICAN RESTAURANT,6232 N BROADWAY ,Vee Vee African Restaurant,6232 N Broadway St
2617087.0,0,ROBERT'S PIZZA AND DOUGH COMPANY,411 E ILLINOIS ST ,,
2534971.0,0,HOMESLYCE WHEEL HOUSE,934-938 W WEBSTER AVE ,,
2653260.0,0,BLACK EAGLE CLUB,1938 W IRVING PARK RD ,,
2294432.0,3DJ_F-fuSW3ExrMBMN7P0Q,MARGIE'S CANDIES,1960 N WESTERN AVE ,Margie's Candies,1960 N Western Ave
2658172.0,0,BURGERS & MORE,5101 W NORTH AVE ,,
11832.0,SHQHv_wyzQNYul8435YKKQ,POPEYES #2836,1949 W FULLERTON AVE ,Popeyes Louisiana Kitchen,1949 W Fullerton Ave
2664061.0,EAN6sG5tNV8JXab_KgO4pg,REMEDY AT AON CENTER,200 E RANDOLPH ST ,Aon Center,200 E Randolph St
2636802.0,0,OFFSHORE,900 E GRAND AVE ,,
2536551.0,CjNwD_zz4Go5h0kKXl58rA,SYDNEY MAROVITZ GOLF COURSE,3600 N RECREATION DR ,Sydney R. Marovitz Golf Course,3600 N Recreation Dr
2636806.0,0,OFFSHORE,900 E GRAND AVE ,,
2617143.0,0,ROBERT'S PIZZA AND DOUGH COMPANY,411 E ILLINOIS ST ,,
2636803.0,0,OFFSHORE,900 E GRAND AVE ,,
2653012.0,5kyARHgULPxkunGm5uArEQ,SPICY MEXICAN GRILL,3925 N LINCOLN AVE ,Spicy Mexican Grill,3925 N Lincoln Ave
2663532.0,0,CLUB NUTRICION LIA,3720 W 26TH ST ,,
2517230.0,0BPBapHrwWuFp5_Tmun79A,NIBBLES & NOSH/MIDNIGHT MAC & CHEESERIE/XO MARSHME,6977-6981 N SHERIDAN RD ,Nibbles and Nosh,6981 N Sheridan Rd
1495623.0,0,TAQUERIA EL ARCO,3105 W 26TH ST ,,
8741.0,5B0BW7hTDzZlYnKihO0R5w,COCULA RESTAURANT,2801 W CERMAK RD ,Cocula Restaurant,2801 W Cermak Rd
2308160.0,LmOCyxWKENwQRlixDlObqw,BIG & LITTLE'S RESTAURANT,1034 W BELMONT AVE ,BIG & little's Restaurant,1034 W Belmont Ave
2501674.0,W2hvbGLNqmyYkILJcNbG4Q,AWASH ETHIOPIAN RESTAURANT,6324-6326 N BROADWAY ,Awash Ethiopian Restaurant,6324- 26 N Broadway St
1869346.0,LPZP6SvCfBIAQahXDx3Ajg,TURQUOISE CAFE,2147 W ROSCOE ST ,Turquoise Restaurant,2147 W Roscoe St
2431689.0,yhyrmiyIl4_IsJe72YSS6A,DIXIE,1952 N DAMEN AVE ,Dixie,1952 N Damen Ave
1096007.0,5jJ__S1LokMPtGKLsMZqHQ,"LET'S GET POPPIN, INC.",11758 S WESTERN AVE ,Let's Get Poppin',11758 S Western Ave
7053.0,cWmkqQGH86CO0hZfHWJ_mw,BEVERLY WOODS RESTAURANT,11532 S WESTERN AVE ,Beverly Woods Restaurant,11532 S Western Ave
2617088.0,0,ROBERT'S PIZZA AND DOUGH COMPANY,411 E ILLINOIS ST ,,
2636805.0,0,OFFSHORE,900 E GRAND AVE ,,
2653011.0,5kyARHgULPxkunGm5uArEQ,SPICY MEXICAN GRILL,3925 N LINCOLN AVE ,Spicy Mexican Grill,3925 N Lincoln Ave
2431688.0,yhyrmiyIl4_IsJe72YSS6A,DIXIE,1952 N DAMEN AVE ,Dixie,1952 N Damen Ave
2068929.0,gIoKJpHjOEPjWxGZObTxiQ,CHINA  STAR,4716 N MILWAUKEE AVE ,China Star,4716 N Milwaukee Ave
2653259.0,0,BLACK EAGLE CLUB,1938 W IRVING PARK RD ,,
34135.0,IB39OnLmhCV3kPihrusGsg,CULLINAN'S STADIUM CLUB,11610 S WESTERN AVE ,Cullinan's Stadium Club,11610 S Western Ave
2579251.0,0,"ROSAS TAMALES, INC.",4617-4619 S KEDZIE AVE ,,
2147526.0,jPJ764ttChIJRJbdzvgwOA,ELLIE'S,10701 S HALE AVE ,Ellie's Cafe,10701 S Hale Ave
2153439.0,95i_ee_eZx5XOBAa7lrvSg,LOS MANGOS NEVERIA Y FRUTERIA,3551 W 26TH ST ,Los Mangos Neveria Y Fruteria,3551 W 26th St
6509.0,Vllmq_0S_dZZ1Tt2MHGFGg,IL VICINATO INC,2435 S WESTERN AVE ,Il Vicinato Ristorante,2435 S Western Ave
2309244.0,c5mZGL7lRO1_Z8Z261fLgg,STUDIO MOVIE GRILL,210 W 87TH ST ,Studio Movie Grill,210 W 87th St
2621370.0,qIRFV1waBCr3rGFt06ahtQ,DO-RITE DONUTS & CHICKEN,1027 W ADDISON ST ,Do-Rite Donuts & Chicken,1027 W Addison St
2569284.0,PjJw8bq2t-prI9eHpQA6rA,KAI SUSHI,3819 N SOUTHPORT AVE ,Kai Sushi Lakeview,3819 N Southport Ave
1332670.0,lS_dGObdvDlnlEkpOvPngQ,JB'S DELI INC.,5501 N CLARK ST ,JB's Deli,5501 N Clark St
2590104.0,T9iZGsg0X51nWhFyreo5Og,"BILLY GOAT IV, INC.",5700 S CICERO AVE ,Billy Goat,5700 S Cicero Ave
2560609.0,udZNKWPbZdk-EBZlBLOH2w,TJAM KITCHEN,1418 W HOWARD ST ,TJam Kitchen,1418 W Howard St
2397972.0,0,SUNSHIRO RAMEN,2516 S HALSTED ST ,,
1474562.0,Ih_Y7VpKvOuxsNS6-fMv6g,POTBELLY SANDWICH WORKS LLC,1625 N DAMEN AVE ,Potbelly Sandwich Shop,1625 N Damen Ave
2563583.0,3IxUf8Uc2BLwRGk59TTYjQ,LARSA'S MEDITERRANEAN RESTAURANT,3146 W TOUHY AVE ,Larsa's Mediterranean Restaurant,3146 W Touhy Ave
2229420.0,xlX-nO0SaNwjGueCsgV-0g,DIMO'S PIZZA WRIGLEYVILLE,3463 N CLARK ST ,Dimo's Pizza,3463 N Clark St
2321232.0,DGw-WyrlnOJgmjFyH05Ogg,PALETERIA AYUTLA,2404 W 46TH PL ,Paleteria Ayutla,2404 W 46th Pl
2293343.0,xo2_JehzluBaBmA13UpDuw,A&T PANCAKE HOUSE,7036 N CLARK ST ,A & T Pancake House and Grill,7036 N Clark St
2659206.0,Qwb84bzPj96C5GshFmnJvw,YOLK - LINCOLN PARK,1504 N FREMONT ST ,Yolk - Lincoln Park,1504 N Fremont St
2432475.0,0,FLAJAE CAFE,644 N CICERO AVE ,,
1819996.0,B5CpZsEZJqRsKVYU7nWDDg,THE ABERDEEN TAP,440 N ABERDEEN ST ,The Aberdeen Tap,440 N Aberdeen St
55355.0,LrTJPD0wO8L_zBbWwzbirg,RAJ DARBAR,2660 N HALSTED ST ,Raj Darbar,2660 N Halsted St
2616693.0,lPq5dWY57QyekebhvnVlrA,LOS MANGOS AVERS,3058 S AVERS AVE ,Los Mangos Neveria y Fruteria,3058 S Avers Ave
1357930.0,xHUnA-mMNd1aiF33g5XMNQ,SUBWAY SANDWICHES #27143,2349 W HOWARD ST ,Subway,2349 W Howard St
2511389.0,S8RSmrV3oCptnTdimMYVBg,PIZZA VINO,5700 S CICERO AVE ,Pizza Vino,5700 S Cicero Ave
2595116.0,MFe_fnDkGdsUk9nV5U2VNg,ARAMI/WOODGRAIN,5700 S CICERO AVE ,Woodgrain Pizzeria,5700 S Cicero Ave
2349597.0,MCxb7FbvsCQGYuapmmjlHA,NATYS PIZZA 26,3849 W 26TH ST ,Naty's Pizza,3849 W 26th St
2600491.0,0,LA ESQUINA DEL SABOR INC.,4224 W 31ST ST ,,
2431870.0,0,UNIVERSAL ENTERTAINMENT CENTER,11901 S LOOMIS ST ,,
1495274.0,FCKdIs-Na3ocJqH59XMJkw,SUBWAY,3167 N LINCOLN AVE ,Subway,3167 N Lincoln Ave
2432410.0,91ARglBbekWzfpcouA1GtA,BEOGRAD CAFE AND RESTAURANT,2933-2939 W IRVING PARK RD ,Beograd Cafe,2933 W Irving Park Rd
2578639.0,J2k5JinpSnwiwD0Q_q5taw,SHINYA RAMEN HOUSE,3240 S HALSTED ST ,Shinya Ramen House,3240 S Halsted St
2588770.0,jFuAPa4aUHLHVv_pCQB8oQ,CAFE TOLA I,3612 N SOUTHPORT AVE ,Cafe Tola,3612 N Southport Ave
2042823.0,EMj-Ke8PAxA0ppWbcsirAg,PICANTE TAQUERIA,2018 W DIVISION ST ,Picante Taqueria,2018 W Division St
2609486.0,0,FRUIT GOD,7601 S CICERO AVE ,,
2663729.0,0,LAURA'S PIZZA AND PASTA INC.,1546 W 35TH ST ,,
2653277.0,TKfvCXVQ6xcQIXPGfLLIQA,IVY HOTEL,233 E ONTARIO ST ,IVY Hotel,233 E Ontario St
1740348.0,YWgw3jTxzMzrW-C6iLC3BQ,KITCHENETTE CORPORATION,3811 N ASHLAND AVE ,Kitchenette,3811 N Ashland Ave
2069506.0,JOiHzz9wPgLhkxjkrvSMgQ,SP KEBAB,6808 N SHERIDAN RD ,SP Kebab,6808 N Sheridan Rd
18271.0,6kZHqkNAu2rL63y04Z4XhA,PIEZANO'S LTD,2601 W 47TH ST ,Piezano's Pizza & Grinder,2601 W 47th St
2641932.0,0,EXQUISITE CATERING & EVENTS LLC,756 E 111TH ST ,,
2653273.0,TKfvCXVQ6xcQIXPGfLLIQA,IVY HOTEL,233 E ONTARIO ST ,IVY Hotel,233 E Ontario St
2653275.0,TKfvCXVQ6xcQIXPGfLLIQA,IVY HOTEL,233 E ONTARIO ST ,IVY Hotel,233 E Ontario St
2641287.0,OaBydYeLPOtpQXaU5DdQnw,YATAI,6230 N BROADWAY ,Yatai Asian Street Food,6230 N Broadway St
58149.0,md7_viEiOixRVSRlSsJPQQ,I-57 RIB HOUSE,1524 W 115TH ST ,I-57 Rib House,1524 W 115th St
2196302.0,K5LIqjp0TxILVedUgORIxw,LINDO GUADALAJARA RESTAURANT,4761 N CLARK ST ,Lindo Guadalajara,4761 N Clark St
1194275.0,8Mlal87EojIecsOPQgMiNw,J & J FISH,800 N KEDZIE AVE ,JJ Fish & Chicken,800 N Kedzie Ave
2404445.0,0,LOS POLLITOS,4003-05 W ARMITAGE AVE ,,
2147679.0,wzw3aysUi9sBq-wLb6OXbQ,ZIZI'S CAFE,2825 N  SHEFFIELD AVE ,Zizi's Cafe,2825 N Sheffield Ave
2621661.0,0,WHEREWITHALL,3472 N ELSTON AVE ,,
2636205.0,t6SM4QHmDkpmP-BW_PBZKQ,"BARRACO'S PIZZA,",2105-2121 W 95TH ST ,Barraco's,2105 W 95th St
2496857.0,EHpG7DJFCaFLEuirjwlT8A,POLLO ASADO INC,3724 W MONTROSE AVE ,Pollos Asados Ocotlan,3724 W Montrose Ave
2609145.0,bPiaa7fgHkC9l7B2HyS0aw,CEDAR PALACE,655 W ARMITAGE AVE ,Cedar Palace,655 W Armitage Ave
1938696.0,0,PICANTE TAQUERIA,2016 1/2 W DIVISION ST ,,
1492585.0,4x-JbY_XAybRGM6WQHF7HQ,LARK,3441 N HALSTED ST ,Lark,3441 N Halsted St
2653274.0,TKfvCXVQ6xcQIXPGfLLIQA,IVY HOTEL,233 E ONTARIO ST ,IVY Hotel,233 E Ontario St
2589574.0,0fL45OQjBPWCcBU9JDWhUw,LOS MANGOS,3859 W 26TH ST ,Los Mangos Neveria y Fruteria,3859 W 26th St
2609650.0,hg7GTftFbQG2Y6jz8u_Olg,B.I. TEA & DIM SUM,131 N CLINTON ST ,B.I.Tea & Dim Sum,131 N Clinton St
2663629.0,0,BIG BITE SUSHI,3811 N ASHLAND AVE ,,
2405009.0,Xg1D2w-ogtXffGnGTgoXEg,ORSO'S RESTAURANT,1401 N WELLS ST ,Orso's,1401 N Wells St
2609033.0,yyt-YwD2t50ts9CvtAx1hw,BLUE SPOT SUSHI CORP.,131 N CLINTON ST ,Blue Spot Sushi,131 N Clinton St
2397586.0,WBKcTdnNz8Wf73xY7hlIPQ,GUAPO TACO,2430 W 47TH ST ,Guapo Taco,2430 W 47th St
2621663.0,0,WHEREWITHALL,3472 N ELSTON AVE ,,
2289949.0,0,BON MANGER CATERING AND EVENTS,1973 W 111TH ST ,,
2621664.0,0,WHEREWITHALL,3472 N ELSTON AVE ,,
2647772.0,6jshyTJKUdcz0YTHyhi1ew,MIMA'S TASTE OF CUBA,2925 W IRVING PARK RD ,Mima's Taste of Cuba,2925 W Irving Park Rd
1955.0,PzphmAEYhRLQJzoJOsL4nw,EAST BANK CLUB,500 N KINGSBURY ST ,East Bank Club,500 N Kingsbury St
2621662.0,0,WHEREWITHALL,3472 N ELSTON AVE ,,
2589815.0,0,DENNIS' B & K,3806 W 26TH ST ,,
1070038.0,12r7JNZSuvO4bhpf0NQoZg,SUBWAY,5409 S HARLEM AVE ,Subway,5409 S Harlem Ave
1594881.0,YsiydMOidDp7kssWkudUag,MARVIN RESTAURANT,901 S CICERO AVE ,Marvins Restaurant,901 S Cicero Ave
1518496.0,2TOwPl0o1voh3UoMEGPYLA,Moe's Cantina,3518-3522 N CLARK ST ,Moe's Cantina,3518 N Clark St
2083875.0,g4keNU0pt9iFYPgaYfnczQ,WEST ON NORTH,2509 W NORTH AVE ,West On North,2509 W North Ave
2550380.0,HD80ObNiV_68Iq-HaQNyNw,LOWCOUNTRY 2,1132 S WABASH AVE ,Lowcountry South Loop,1132 S Wabash Ave
2428092.0,hVDfQnC9EUtHQFYA4ERv3w,ARMAN'S PIIZZERIA,6694 N NORTHWEST HWY ,Armand's Pizzeria,6694 N Northwest Hwy
2657790.0,0,HOT GRILL STOP,2200 W TAYLOR ,,
2664071.0,0,URBAN NOMADS,2439 N CLARK ,,
2636322.0,0,"TASTY CHILL, INC.",7601 S CICERO AVE ,,
37735.0,vNTZAG1r1Q_3UxfQTsEixQ,DI VITA'S RESTAURANT & PIZZA,3753 W BELMONT AVE ,Di Vita's Pizzeria,3753 W Belmont Ave
1517789.0,fT9LspNx3mc3VhlCziOBYQ,Panino's Pizzeria,3702-3704 N BROADWAY ,Panino's,3704 N Broadway St
2663627.0,0,MAJANI,756 E 111TH ST ,,
45189.0,XWbMHh7WQRu7tEZzIRKEgg,THE NORTHMAN,4337 N LINCOLN AVE ,The Northman,4337 N Lincoln Ave
2664116.0,0,FRIO GELATO,600 E GRAND AVE ,,
2359484.0,UwAp4bSOWXiqX62Zr0kEsA,THE SUBMARINE PIER,2759 W 51ST ST ,The Submarine Port,2759 W 51st St
2636386.0,0,MANHATTAN BAGELS,3268 N CLARK ST ,,
2298351.0,0,SIERRA & SONS ENTERPRISES INC,3808-3810 W NORTH AVE ,,
36760.0,dd93pzdlrrusLMl2_VtQXQ,GANNON'S PUB,4264 N LINCOLN AVE ,Gannon's Pub,4264 N Lincoln Ave
1447811.0,aR9rgMDZSJl2JyxrW8q-nQ,SUBWAY,4030 W ROOSEVELT RD ,Subway,4030 W Roosevelt Rd
2522235.0,4XQCW2YUdcfwYxl-v25-aw,JIBARITO'S Y MAS,3400 W FULLERTON AVE ,Jibarito's y Más,3400 W Fullerton Ave
2477105.0,mT_uFVYapK8xG7RZWh6aBg,TAQUIZAS Y BANQUETES EL SIETE,3817 S KEDZIE AVE ,Taquizas y Banquetes El Siete,3817 S Kedzie Ave
12601.0,GUwtdixuzA8u7EJHfgqRgA,EL FAMOUS RESTAURANT,7047 N CLARK ST ,El Famous Burrito,7047 N Clark St
1271831.0,PNVshX58m5A6hNAjUIe3AQ,PITCHFORK FOOD & SALOON,2922-2924 W IRVING PARK RD ,PitchFork,2922 W Irving Park Rd
1997628.0,PibX-YlN-xzJAk213QA0eg,ENG'S ASIAN CUISINE,7300 N WESTERN AVE ,Eng's Asian Cuisine,7300 N Western Ave
36240.0,zv6Np3a15fxtn8isqCFGPg,PARK TAVERN CHICAGO,1645 W JACKSON BLVD ,Park Tavern,1645 W Jackson Blvd
2390685.0,s8Dxq7Exy8Dg1recsucedQ,TRUGURT FROZEN YOGURT,3308 N WESTERN AVE ,Trugurt,3308 N Western Ave
2359305.0,92_wfDMvjFwxsOg8KGDiSA,LA MIXTECA POBLANA 2 LLC,3046-3050 W 63RD ST ,La Mixteca Poblana,3048 W 63rd St
2636557.0,-64Weew7ELLO8lEKExD38A,PHILLY BROS,734 W FULLERTON AVE ,Philly Bros,734 W Fullerton Ave
64463.0,XLDQKw0ge95VLQsmHwOWYg,ROCKY'S TACOS,7043 N CLARK ST ,Rocky's Tacos,7043 N Clark St
2055430.0,IBSz1t07gm4LETNqBvhfGg,SARPINO'S PIZZERIA,4830 N PULASKI RD ,Sarpino's Pizzeria,4830 N Pulaski Rd
2528538.0,Zle1G4Iv9gom3jbtfnQ1hw,GIORDANO'S PIZZA,1401 W 18TH ST ,Giordano's,1401 W 18th St
1141451.0,0,ARAMARK @ INFORMATION RESOURCES,150 N CLINTON ST ,,
2304448.0,5OhatEA7e3NyUPMTbU_EAA,EVERYBODY'S COFFEE,935-937 W WILSON AVE ,Everybody's Coffee,935 W Wilson Ave
12280.0,cpeQw4q8RiGR1FX4g2hVCw,"EAST OF THE RYAN,INC",914 E 79TH ST ,East of the Ryan,914 E 79th St
2055430.0,IBSz1t07gm4LETNqBvhfGg,SARPINO'S PIZZERIA,4830 N PULASKI RD ,Sarpino's Pizzeria,4830 N Pulaski Rd
2398344.0,Zle1G4Iv9gom3jbtfnQ1hw,GIORDANO'S PIZZA,1401 W 18TH ST ,Giordano's,1401 W 18th St
56159.0,DffKWL1l1wnmLA4RIdrWhQ,MULLEN'S BAR & GRILL,7301 N WESTERN AVE ,Mullen's Bar & Grill,7301 N Western Ave
2663719.0,IBSz1t07gm4LETNqBvhfGg,CANAAN PIZA INC/SARPINO'S PIZZA,4830 N PULASKI RD ,Sarpino's Pizzeria,4830 N Pulaski Rd
2222204.0,RyP97ONsO612MeIQfzhmoA,NEPAL HOUSE,1301 S Michigan AVE ,Nepal House Indian & Nepalese,1301 S Michigan Ave
1273737.0,0,RESTAURANT EL RANCHITO,5959 W GRAND AVE ,,
2549956.0,0,TAQUERIA CHIMINO,5245 W FULLERTON AVE ,,
2129684.0,cvPm6xaeVni1_jzYUSta0Q,TOP DOG II,3961 W IRVING PARK RD ,Top Dog II,3961 W Irving Park Rd
2405628.0,LeX8vn9na4Qro71xcnqztg,DUNKIN DONUTS & BASKIN ROBBINS,3214 W 87TH ST ,Dunkin' Donuts,3214 W 87th St
2636552.0,0,ROOH CHICAGO,736 W RANDOLPH ST ,,
1194922.0,TCnRHh40_HxhHj0Xz6XK9A,PIZZERIA DUE,619 N WABASH AVE ,Pizzeria Due,619 N Wabash Ave
1797882.0,iN2CzjHXcbvb5mXxmjFMEw,MARINERO BAR AND GRILL,2916 W IRVING PARK RD ,Marinero Bar and Grill,2916 W Irving Park Rd
2458479.0,pglLq_8c2grcKez_wX8WPw,RYUU ASIAN BBQ,2766 N MILWAUKEE AVE ,RYUU Asian BBQ & Sushi,2766 N Milwaukee Ave
2120493.0,rgaoVm01HFYC292weFuTXA,GOOSEFOOT,2656 W Lawrence AVE ,Goosefoot,2656 W Lawrence Ave
2664140.0,rEfSE4uXzMrRcbdUu8HGeg,PALETERIA LINDO MICHOACAN,5245 W FULLERTON AVE ,Paleteria Lindo Michoacan,5246 W Fullerton Ave
2636553.0,0,ROOH CHICAGO,736 W RANDOLPH ST ,,
2229492.0,akuRFupr264BwEe-NyBErw,AU BON PAIN,251 E HURON ST ,Au Bon Pain,251 E Huron Ave
2631929.0,JgdQlqkP0cUq9Bq4_iSTPQ,DONA NATYS TACOS,1815 W CHICAGO AVE ,Dona Naty's Tacos,1815 W Chicago Ave
39259.0,3aoCOA9tc3Nhi2swyhR-1Q,"BOURGEOIS PIG ! COFFEE, TEA & SPICES CO.",738 W FULLERTON PKWY ,Bourgeois Pig Cafe,738 W Fullerton Ave
44701.0,oGYq7TFSrokJ_1V2qsrU7g,TIFFIN,2536 W DEVON AVE ,Tiffin,2536 W Devon Ave
2517829.0,Dm2SP2JLj43goqygK9oD6g,SMOKE FILLED ROOM,3359 W 79TH ST ,Smoke Filled Room,3359 W 79th St
2658946.0,0,J AND L FOOD SERVICE,1639 W WALNUT ST BLDG  1ST/2ND,,
2501184.0,RvpAs2BDS6cD-uYmCTsFyg,KING PHO PLUS,5414-5416 W DEVON AVE ,King Pho,5414 W Devon Ave
2658945.0,0,J AND L FOOD SERVICE,1639 W WALNUT ST BLDG  1ST/2ND,,
2263388.0,idctZZL3KA8MUfz-QjGG6w,THAI PASTRY RESTAURANT,4925 N BROADWAY ,Thai Pastry & Restaurant,4925 N Broadway St
2308390.0,T02PCDlYz99kuSNatLaDQg,LE PAIN QUOTIDIEN,135 N CLINTON ,Le Pain Quotidien,135 N Clinton St
2663727.0,mYVxWajAIXQY1NgX2y6Z7w,"ICE Q, INC.",3308 N WESTERN AVE ,Ice Q Ice Cream Shop,3308 N Western Ave
2583730.0,IBSz1t07gm4LETNqBvhfGg,SARPINO'S ALBANY PARK,4830 N PULASKI RD ,Sarpino's Pizzeria,4830 N Pulaski Rd
31079.0,3vuxX7853nG0QWj-ljOyDA,THE GRINGO,1202 W GRAND AVE ,The Gringo,1202 W Grand Ave
2641534.0,0,OCEAN SUSHI,5437 N LINCOLN ,,
2535283.0,1L6xcP1DXrQOQS8w4mPqTQ,WENDY'S 11743,145 S WESTERN AVE ,Wendy's,145 S Western Ave
1446432.0,MpizpbqzHzm2lKTOj1TNXA,DUNKIN DONUTS & BASKIN ROBINS,3977 W COLUMBUS AVE ,Dunkin' Donuts,3977 W Columbus Ave
2589109.0,f4fD6idENn2dfamJLxAYYA,FRANCESCA'S CAFE,852 N DAMEN AVE ,Francesca's Cafe,852 N Damen Ave
51050.0,KTWpTI_C0ZmuTL558aZIFA,EL CHILE RESTAURANT & PANCAKE HOUSE,3038-3040 W MONTROSE AVE ,El Chile Restaurant and Pancake House,3040 W Montrose Ave
2078906.0,0,BEEZEE,424 S WABASH AVE ,,
2099465.0,rmjStZld9wzmS-X-EbmitQ,TOSCANA,5357 N LINCOLN AVE ,Toscana Grill,5357 N Lincoln
17639.0,mwa-ENpIKBn49QocfjL5QA,CZERWONE JABLUSZKO RESTAURANT,6474 N MILWAUKEE AVE ,Red Apple Restaurant,6474 N Milwaukee Ave
2663906.0,chZd5s9cqxTFoR-PgaKWjA,SEE THRU CHINESE KITCHEN,7118 S WESTERN AVE ,See Thru Chinese Kitchen,7118 S Western Ave
2560551.0,AK9QbYuE-Hw3l_iIT0zkJg,DUNKIN DOUGHNUTS,947 W FULLERTON AVE ,Dunkin' Donuts,947 W Fullerton Ave
2663850.0,CfKBvkg4IBSwBNe8dFQtgw,HELIX CAFE,6237 N CLARK ST ,Helix Cafe,6237 N Clark
1959577.0,hBjg4YfoEqEGYXiznf9z7A,Jimmy Johns,520 N OGDEN AVE ,Jimmy John's,520 N Ogden
61757.0,yz-3hfOJYKRnPRBOFPpHqQ,HARMONY RESTAURANT,6525 W ARCHER AVE ,Harmony Restaurant,6525 W Archer Ave
2588772.0,0,BEST SUB #2,2729 W DIVISION ST ,,
2542420.0,lk0yIkYHYBX3hehPLYod4w,MR  SUBMARINE,2900 W 63RD ST ,Mr Submarine,2900 W 63rd St
12540.0,huQtT68CZMp5ogQzhEVvrg,DAPPER'S EAST RESTAURANT,2901 W ADDISON ST ,Dappers East,2901 W Addison St
2616198.0,IrmLQ6_5WgPwVDQsaoRaWg,CRAZY BIRD,1160 W GRAND AVE ,Crazy Bird,1160 West Grand Ave
2564800.0,hVUINnit4I2kR35KFDSNuQ,BIG STAR II,3638-3640 N CLARK ST ,Big Star,3640 N Clark St
2664003.0,HP3zkN0SvoDzQiOdiMAKLw,CHENG CHOPSTICKS,3054 W ARMITAGE AVE ,Cheng Chopsticks,3054 W Armitage Ave
27392.0,CSxzVOGxHYVdaCRiKFLO0g,MOM'S & DAD'S DELI,6345 S CENTRAL AVE ,Mom & Dad's Deli,6345 S Central Ave
2354772.0,HU0YL7Hy98rYW1nrBFk5Qw,EL TACONAZO JR.,4256 W FULLERTON AVE ,El Taconazo,4256 W Fullerton Ave
3595.0,43eT02PoFWavFbxe4FzZzg,EASTERN STYLE PIZZA II LT,2911 W TOUHY AVE ,Eastern Style Pizza,2911 W Touhy Ave
2431903.0,0,OAATO FOODS INC.,7118 N CLARK ST ,,
2360132.0,dVFaT09phIIqPH_ss69I7Q,NEW CHINA BUFFET,3246 W ADDISON ST ,New China Buffet,3246 W Addison St
2564693.0,0,BEST TASTY SUB,3723 W CHICAGO AVE ,,
2013974.0,zqhFTUFLmZgUBknFYGDxLg,AL'S BEEF,601 W ADAMS ST ,Al's Beef,601 W Adams St
18973.0,J9WfLOHSTcXaT_9kz2gq0Q,CONTE DI SAVOIA INC,1438 W TAYLOR ST ,Conte Di Savoia,1438 W Taylor St
24567.0,0,LAILA'S GRAND GAME ROOM INC,7110 W GRAND AVE ,,
1846488.0,wNJGVmjmCDhJ2houJ_wzcg,GIANNA'S PIZZA,1519 E 87TH ST ,Gianna's Pizza,1519 E 87th St
2575261.0,z3duTWqEDWbAWUZ-QYRjRw,ROSATI'S PIZZA OF LINCOLN PARK,953 W DIVERSEY PKWY ,Rosati's Pizza,953 W Diversey Pkwy
2569503.0,LAab4RqlZFrZsuaaxBrLjA,WEST TOWN BAKERY,3626 N CLARK AVE ,West Town Bakery & Tap,3626 N Clark St
1276082.0,Ykiz1UT9SO5u-y8nqDTy4A,FORK,4600-4602 N LINCOLN AVE ,Fork,4600 N Lincoln Ave
2254328.0,mvGXgIcfcK_cuj6FPpwuXw,LA IGUANITA RESTAURANT,3733 S KEDZIE AVE ,La Iguanita,3733 S Kedzie Ave
50905.0,WJ4ItKGo5Ri2OU6inWMwyQ,TOP-NOTCH BEEFBURGER INC,2114-2116 W 95TH ST ,Top Notch Beef Burgers,2116 W 95th St
2652431.0,gi6lCjR1_CN9bE3fxt5k5A,MADDON'S POST,1119 W WAVELAND AVE ,Maddon’s Post,1119 W Waveland Ave
2423951.0,CxGey3vCJxcM20cMzls-0A,ORIENTAL CHOP SUEY,1820 W 95TH ST ,Oriental Chop Suey,1820 W 95th St
2658887.0,bzzLx-UDbYbKg9i0pJf38A,"BEST BBQ HOUSE, INC",2002 S WENTWORTH AVE ,T Tasty House,2002 S Wentworth Ave
2427736.0,jYujZEqc1-KAFnCNTppg2g,POPPIN DOUGH,1235 W 95TH ST ,Poppin Dough,1235 W 95th St
2511023.0,Yy-28Go2ZIE0rq9vaiV1Ew,SUSUPUATO RESTAURANT & TAQUERIA,6161 N BROADWAY ,Susupuato Restaurant & Taqueria,6161 N Broadway St
2657752.0,0,PICOSITO GRILL,3553-3559 E 100TH ST ,,
2659333.0,Yy-28Go2ZIE0rq9vaiV1Ew,SUSUPUATO RESTAURANT,6161 N BROADWAY ,Susupuato Restaurant & Taqueria,6161 N Broadway St
1816453.0,m9rIlVpiHmnxyRJEsVw-Rg,JIMMY JAMM SWEET POTATO PIES ETC,1844 W 95TH ST ,Jimmy Jamm Sweet Potato Pies,1844 W 95th St
2652430.0,gi6lCjR1_CN9bE3fxt5k5A,MADDON'S POST,1119 W WAVELAND AVE ,Maddon’s Post,1119 W Waveland Ave
990.0,5CPMzmua1XTEb-xI9os8ig,FALCO'S PIZZA,2806 W 40TH PL ,Falco's Pizza,2806 W 40th Pl
2385110.0,baYHvf-IX7y4_ejUNnvZXg,TACO BELL 31279,3350 W ROOSEVELT RD ,Taco Bell,3350 W. Roosevelt Rd
6394.0,zI0E_yruu58ea-xq9aHi-w,NUEVO LEON RESTAURANT,3657 W 26TH ST ,Nuevo Leon Restaurant,3657 W 26th St
2522469.0,lMKK_to3ZZ31Ste-ncsJ0Q,SMALL CHEVAL,1345 N WELLS ST ,Small Cheval - Wells,1345 N Wells St
2511483.0,vzyChig_amCYiQ_UPwjdRQ,TAQUERIA EL DORADO,6952 N CLARK ST ,Taqueria El Dorado,6952 N Clark
2652435.0,gi6lCjR1_CN9bE3fxt5k5A,MADDON'S POST,1119 W WAVELAND AVE ,Maddon’s Post,1119 W Waveland Ave
2663945.0,JS1bVJRmADc6SOB-iZ5rhQ,ANDY'S THAI KITCHEN III,950 W DIVERSEY PKWY ,Andy's Thai Kitchen,950 W Diversey Pkwy
2423192.0,4qddUGVd3y3IaHoJ3fFSTA,LA CATEDRAL CAFE,4544 N WESTERN AVE ,La Catedral Cafe & Restaurant,4544 N Western Ave
2092894.0,PNZuQK_q11hMYJpPLAEa-w,I DREAM OF FALAFEL,555 W MONROE ST ,I Dream of Falafel,112 W Monroe St
2428107.0,7iKX4K8w0Jqr0OuzO-AyQA,MCDONALD'S,1443 E 87TH ST ,McDonald's,1443 E 87th St
2054767.0,L1u9eLZwj5nQqsA3eljJPw,BIRRIERIA PATINO OCOTLAN,3813 W 26TH ST ,Birrieria Patinos Ocotlan,3809 W 26th St
2278096.0,1uFRbr6B-BiNGtT90sdk0w,COMMUNITY,4038 N MILWAUKEE AVE ,Community Tavern,4038 N Milwaukee Ave
2483757.0,0,KENTUCKY FRIED CHICKEN,300 E 35TH ST ,,
1575975.0,NMn4KWMdR-DLcRIuwxv2ng,BEST BBQ,1648 W 115TH ST ,Best BBQ,1648 W 115th St
2492176.0,1SliE-xjusfRyADQuiYwiw,PARISSE'S DRIVE IN,6216 W 63RD ST ,Parisi's Drive-In,6216 W 63rd St
2663706.0,s_dEVZ7JUqdGgSqrCMAAig,D'ANARDO'S PIZZA,6535 W 63RD ST ,D'anardo's Pizza,6535 W 63rd St
1226935.0,jlVvQOf4YE3ZO1gMFSAdww,BUONA TERRA RISTORANTE,2535 N CALIFORNIA AVE ,Buona Terra,2535 N California Ave
2084592.0,RQQUQMMEdSLYBzOIPtvVPA,PETE'S  PIZZA & BAKEHOUSE,1100 W GRANVILLE AVE ,Pete's Pizza & Bakehouse,1100 W Granville
2284509.0,MyoiJFBFMrDiqCfLLcc-RA,JOSI'S FROZEN YOGURT CAFE,4032 N MILWAUKEE AVE ,Josi's Frozen Yogurt Cafe,4032 N Milwaukee Ave
14012.0,0,SHRI KRISHNA INC,10401 S WESTERN AVE ,,
2422811.0,1uGrUoIvjajEv-VTcFzLWA,LAO YUNNAN,2109 S CHINA PL ,Lao Yunnan,2109 S China Pl
1192.0,0,SABATINOS INC,4441-4443 W IRVING PARK RD ,,
2578259.0,0,BREWER COFFEE AND CUSTARD,1008 W 79TH ST ,,
1943629.0,763ARZeDvQfhXZvkDlKtFw,DMK BURGER BAR,2954 N SHEFFIELD AVE ,DMK Burger Bar,2954 N Sheffield Ave
2431752.0,UxAbyf8insl_1wxbphOGJA,DUKE'S,5659 N CENTRAL AVE ,Duke's,5659 N Central Ave
2458402.0,KuCt5PnJhEGhDy2KKCgVMg,Earl's BBQ,4835 N AUSTIN AVE ,Earl's BBQ,4835 N Austin
1198093.0,t-uKYGpYfD-69F8m1hlOxA,ANGELO'S PIZZA,3024-3026 W MONTROSE AVE ,Angelo's Pizza,3026 West Montrose Ave
2277942.0,0,MI RANCHITO,5220 S PULASKI RD ,,
1923013.0,4_r4JEyDjmE7U1-kp5tf8w,THE CROSS ROADS BAR & GRILL,1120-1124 W MADISON ST ,The CrossRoads Bar & Grill,1120 W Madison St
2197134.0,jZLVkiFM1MUBGHgN7kY4-Q,ANN SATHER RESTAURANT GRANVILLE,1145-1147 W GRANVILLE AVE ,Ann Sather Granville,1147 W Granville Ave
1249768.0,xZOtv5pS_O96Sn3UPkBTIQ,MAY MAY GOURMET FOOD INC,210 W 23RD ST ,Gourmet Food,210 W 23rd St
2348608.0,eSJmeMaFydm1_UM57RiV4g,POMP & CIRCUMSTANCE,1400 N WELLS ST ,Pomp & Circumstance,1400 Wells St
1915442.0,_d-XHTJoS6Cw_JnT9_dkRw,LITTLE CAESAR PIZZA #1729,2839 N NARRAGANSETT AVE ,Little Caesars Pizza,2839 Narragansett Ave
2574934.0,pEFUww65RMtMDesY4c4yEQ,DUNKIN DONUTS,4547 N BROADWAY ,Dunkin' Donuts,4547 N Broadway St
2652614.0,0,DAKOTA 94,5304 W Devon AVE ,,
1803353.0,qtBUw8f2IoO4KFENrjgyhQ,DIB SUSHI BAR AND THAI CUISINE,1025 W LAWRENCE AVE ,Dib,1025 W Lawrence Ave
2037952.0,3c7iy3c7F6KM99NQFbkhMg,Subway Restaurant,3025 N PULASKI RD ,Subway,3025 N Pulaski Rd
1166474.0,0,NEW CHINATOWN BAKERY & COFFEE SHOP,1019 1/2 W ARGYLE ST ,,
1893601.0,0,AZTECA de ORO MEXICAN GRILL,3731 N CLARK ST ,,
2617564.0,2Hs_Vcz44okV7qgL6zBZFg,GUY AND THE GOAT,5973 N CLARK ST ,Guy and the Goat,5973 N Clark St
1593938.0,beTKK3Yha8prKyxvTsGNqg,PEACHES,6435-6439 W ARCHER AVE ,Peaches & Pears,6435 W Archer Ave
61314.0,-ZFTAEd0RPA-e8WfAOglyQ,BIRRIERIA REYES DE OCOTLAN,1322 W 18TH ST ,Birrieria Reyes de Ocotlan,1322 W 18th St
2064210.0,WwwLeItKFssp7a9_9OnAPQ,THE PONY INN,1638 W BELMONT AVE ,The Pony Inn,1638 W Belmont Ave
1914170.0,8ogBepUZsGZ5CYuuP5h-dg,SEVEN STAR CHINESE CUISINE,3209 W 47TH PL ,Seven Star,3209 W 47th Pl
2658395.0,vfF4snBFXSxzebcsDjv6Fg,THE BANANA LEAF CORPORATION,1948 E 79TH ST ,The Banana Leaf,1948 E 79th St
2642161.0,0,TAQUERIA EL JEFE LOCO CO.,4646 W CHICAGO AVE ,,
2475804.0,5I9mVLHZupksTqU0BsP9Mw,THE MADISON BAR & KITCHEN,1027 W MADISON ST ,The Madison Bar and Kitchen,1027 W Madison St
2283505.0,A_og6lFgn8pG5jecJuzeUA,MR. WANG,2171 S CHINA PL ,Mr Wang - Traditional Malatang,2171 S China Pl
1352481.0,5tqU8J504L7AMTrXVHCtzw,EL GALLO BRAVO,3909 W BELMONT AVE ,El Gallo Bravo,3909 W Belmont Ave
1987043.0,0,"David Jenson - Personal Chef ,Ltd",1901 S Racine AVE ,,
2652613.0,0,DAKOTA 94,5304 W Devon AVE ,,
2141406.0,D1K-vLXfA5-hppRzVY7q2w,Smoke Daddy,1804-1806 W Division ST ,Smoke Daddy,1804 W Division St
1980309.0,KtGlx_5sbZ4AL_9vLJNm9A,BAKERS SQUARE # 220658,5220 N HARLEM AVE ,Bakers Square,5220 North Harlem Ave
2570136.0,jlnAEW4-Suhd5OylaRYJSw,PANDA CHINA,4042 N NARRAGANSETT AVE ,Panda China,4042 N Narragansett Ave
2452250.0,bsrl5EeDAEtetWLz1fm4yA,BRISTOL LOUNGE/JOHN'S LIQUOR AND DELI,3084-3086 N MILWAUKEE AVE ,Bristol Lounge,3084 N Milwaukee Ave
2488148.0,0,ADMIRAL'S CLUB,11601 W TOUHY AVE ,,
1275144.0,h_fKxtXwqvZx2CZSt8YbmQ,FRIENDSHIP RESTAURANT,2830 N MILWAUKEE AVE ,Friendship Chinese Restaurant,2830 N Milwaukee Ave
2658202.0,0,DDANDAVIS FOOD MART,2054 E 71ST ST ,,
2659213.0,0,BOX LUNCH CAFE,906 S HOMAN AVE ,,
1592351.0,4Rh2Bb8tpSzOxsWt1DuAjQ,"BIG RAYS GRILL, INC.",4653 S HALSTED ST ,Big Ray's Grill,4653 S Halsted St
2152546.0,tzigZFRGht_ktOqh_pgCQg,HOME RUN INN PIZZERIA,10900  S WESTERN AVE ,Home Run Inn Pizza,10900 S Western Ave
2263935.0,tT0lj2G4dgcMFo_uyUotOA,SUBWAY 275,2579 N ELSTON AVE ,Subway,2579 N Elston Ave
1926615.0,hRvvbN85q7r5856PKavveQ,TACO BELL,3143 N MILWAUKEE AVE ,Taco Bell,3143 N Milwaukee Ave
2646104.0,jlnAEW4-Suhd5OylaRYJSw,PANDA CHINA,4042 N NARRAGANSETT AVE ,Panda China,4042 N Narragansett Ave
1543762.0,a0zep1S0xpEhvHGsTVfNTg,POTBELLY SANDWICH WORKS LLC,1459 W TAYLOR ST ,Potbelly Sandwich Shop,1459 W Taylor St
2437078.0,qIexz20O5mJXa7zT7v5Q9A,"LOQUACIOUS CULINARY EVENTS, INC",10018 S WESTERN AVE ,Loquacious Culinary Events,10018 S Western
2446395.0,a5jWre2CCaXMGqFquq-wqg,FRESHII,1166 W MADISON ST ,Freshii,1164 W Madison St
21539.0,QaNr4e16T3MW0li-Um2kGQ,TUSCANY RESTAURANT,1014-1018 W TAYLOR ST ,Tuscany - Taylor,1014 W Taylor St
2152546.0,tzigZFRGht_ktOqh_pgCQg,HOME RUN INN PIZZA EXPRESS IN,10900  S WESTERN AVE ,Home Run Inn Pizza,10900 S Western Ave
2419016.0,DCjO2J5tZiCi96u_-hdtDg,MAD,1140 W MADISON ,MAD Social,1140 W. Madison St
2134452.0,nOnbGSDnro7QG79W1rJEtQ,GUS REMUS,4236 W MADISON ST ,Uncle Remus Chicken & Barbeque,4236 W Madison St
1948417.0,ACFxyRPKEO8avOjE736Gnw,SUBWAY,2756 W 55TH ST ,Subway,2756 W 55th St
81973.0,qWFpQt5Lcyz_kg1UkDDmeQ,TAQUERIA LA OAXAQUENA,3382 N MILWAUKEE AVE ,La Oaxaqueña,3382 N Milwaukee Ave
1798794.0,bq-nQ4u1o5ugKM5VZULZGw,SUBWAY SANDWICHES,1139 W GRANVILLE AVE ,Subway,1139 W Granville Ave
2134785.0,ferE90xYrS8PPR_jR1J_xQ,PALENQUE INC.,2756 W 55TH ST ,Palenque,2756 W 55th St
2223.0,tHVDdPtz8IN3aFDZik33vQ,LITTLE CAESAR PIZZA #1651,3225 W 47TH PL ,Little Caesars Pizza,3225 W. 47Th Place
2428079.0,0,REGGIO'S PIZZA EXPRESS,11601 W TOUHY AVE ,,
2543071.0,UgDwjwn6HkExlbSeIGX0gw,STEINGOLD'S OF CHICAGO,1840 W IRVING  PARK RD ,Steingold's,1840 W Irving Park Rd
2050000.0,5tTM4l24LLlWbk_7Nfp3DA,SUBWAY,1901 W 103RD ST ,Subway,1901 W 103rd St
1225984.0,SWCZ7Y8rjSWbtVdDJ6vC2g,MCDONALD'S RESTAURANT,6125 N MILWAUKEE AVE ,McDonald's,6125 N Milwaukee Ave
1980308.0,tEeO3sbl59UUPem-9ilL9g,BAKERS SQUARE  220185,3649 N HARLEM AVE ,Bakers Square,3649 N Harlem Ave
2631290.0,eyCmipI-A3wOVABvFscHtQ,"WARE RANCH STEAK HOUSE, INC",11147 S MICHIGAN AVE ,Ware Ranch Steak House,11147 S Michigan Ave
2608816.0,4gim1lsytnX8oTb3ELmELQ,HANGRY'S,5000 W FULLERTON AVE ,Hangry's,5000 W Fullerton
2379881.0,VhScSsvXZl6J7j1Vat7ccw,JARABE,2255 W TAYLOR ST ,Jarabe- Mexican Street Food,2255 W Taylor St
2314367.0,IM9oq9HGTt8Q2QLQ2nevYA,BAGELERS COFFEEHOUSE,2461 N LINCOLN AVE ,The Bagelers Coffeehouse,2461 N Lincoln Ave
2350500.0,e2Lrtjx60UZKDYa6OJjYzQ,OUTDOOR GRILL,3265 N MILWAUKEE AVE ,Outdoor Grill,3265 N Milwaukee Ave
2589428.0,NBEEgsYm4h9FzK12j4VfHQ,MINI MOTT,3057 W LOGAN BLVD ,Mini Mott,3057 W Logan Blvd
2556107.0,W4RHwO6zGOzIs_ozpkVaag,HUTCH AMERICAN KITCHEN AND BAR,1477 W WINNEMAC AVE ,Hutch American Kitchen + Bar - Andersonville,1477 W Winnemac Ave
1798497.0,-yxF5ACcdNxTSuPHorT2PQ,ASIAN MIX,3945 N BROADWAY ,Asian Mix Cafe,3945 N Broadway
2262202.0,Y_gVCaoQ6X-YZW_HTP-4gg,D CHILE,3443 W 26TH ST ,D Chile,3443 W 26th St
2601247.0,IqJKz6-IBIbcfUcotMXO8Q,CAFE ISTANBUL,2014 W DIVISION ST ,Cafe Istanbul,2014 W Division St
15193.0,lxD90nOWOSH7k2d_h9Suow,STARDUST,5688 N MILWAUKEE AVE ,Stardust Banquet,5688 N Milwaukee Ave
2120919.0,F2NBch93KPaQdM_x0Fs2VQ,NINI'S GROCERIES,543 N NOBLE ST ,Nini's Deli,543 N Noble St
1716608.0,6rkSVq8PNpkZRxC2N82YGA,RESURRECTION RETIREMENT COMMUNITY,7262 W PETERSON AVE ,Presence Resurrection Retirement Community,7262 W Peterson Ave
46666.0,IvdOI86_CSCRFpid2atnyA,Davanti Enotecca,1359 W TAYLOR ST ,Davanti Enoteca,1359 W Taylor St
2321023.0,0,SUBWAY SANDWICHES,7549-7551 N PAULINA ST ,,
1845721.0,d7wwdOrYBJGxflQ1xKXqyA,"THAI BOWL NOODLE,RICE AND BUBBLE TEA",2410 N LINCOLN AVE ,Thai Bowl,2410 N Lincoln Ave
2663712.0,_tqxpQs0tEYAQkH-q6zfCQ,GREENLINE COFFEE,501 E 61ST ST ,Greenline Coffee,501 E 61st St
2542042.0,MiT4tJdkCpVpfdqOPrXSlA,MC DONALD'S #3901,2317 N CICERO AVE ,McDonald's,2317 N Cicero
12587.0,hVylIkf-04tJ2XWp5CF37A,THE BREAKFAST CLUB INC,1381 W HUBBARD ST ,The Breakfast Club and Grill,1381 W Hubbard St
2528823.0,ciYwLqsTJwhTV-nz-C37kg,KRISPY KRUNCHY CHICKEN,334 N LARAMIE AVE ,Crispy Khan Hell Fire Foods,334 N Laramie Ave
2657927.0,GP7p-YabjlbVxxdZS4PDCA,TACONAZO EL ORIGINAL #1,4124 W NORTH AVE ,El Taconazo Restaurant - El Original #1,4124 W North Ave
2564673.0,f_AF0jimm_eq7eZnxArV7w,TEMPESTA MARKET,1372 W GRAND AVE ,Tempesta Market,1372 W Grand Ave
2031440.0,cGWvmhGKRFTHtXwYarge3Q,"Mia Figlia, Inc",5304 W Devon AVE ,Mia Figlia,5304 W Devon Ave
1717951.0,-C_O2sunRZD_sgWtCIpuAQ,BROADWAY CELLARS,5900 N BROADWAY ,Cellars Bar and Grill,5900 N Broadway
1718535.0,-kwXSPyiUMsP6FCzUEYJmA,Fornetto-Mei on Grant,1108 S MICHIGAN AVE ,Mei's Kitchen,1108 S Michigan Ave
1593859.0,_KzZ5hqFD1uJS6gm2tsP2g,CLEVER RABBIT,2015 W DIVISION AVE ,Clever Rabbit,2015 W Division St
2437524.0,GP7p-YabjlbVxxdZS4PDCA,LA BARCA EL TACONAZO,4124 W NORTH AVE ,El Taconazo Restaurant - El Original #1,4124 W North Ave
2663535.0,0,FARM BAR EDGEWATER,1133 W GRANVILLE AVE ,,
1948847.0,Ivw59B7y_hobqdvrzpGz6A,FAT TOMMY'S INC,3031 W 111TH ST ,Fat Tommy's,3031 W 111th St
2528927.0,0,ILLINOIS CENTER FOR REHABILITATION AND EDUCATION W,1151 S WOOD ST ,,
2458453.0,0,NANDO'S PERI-PERI,150 W ROOSEVELT RD ,,
1948046.0,ZTdXY7KDRbNdq0W20Q8kYQ,WEST END TATA'S PIZZA,3019 W 111TH ST ,Tata's Chicago Pizzeria,3019 W 111th St
1903556.0,X4b9UHzAbeiBTqmvqQO9sw,MILAN'S RESTAURANT & BAR,3930-3932 W SCHOOL ST ,Milano's Restaurant & Bar,3930 W School St
2437524.0,GP7p-YabjlbVxxdZS4PDCA,LA BARCA EL TACONAZO,4124 W NORTH AVE ,El Taconazo Restaurant - El Original #1,4124 W North Ave
2084415.0,lP9L7sw0mjKpAbopyoHACA,PALETERIA JUAREZ,2215 S KEDZIE AVE ,Paleteria Juarez,2215 S Kedzie
2575370.0,0,LA FORTALEZA DE ARCELIA GUERRERO,5958 W DIVERSEY AVE ,,
2663536.0,0,FARM BAR EDGEWATER,1133 W GRANVILLE AVE ,,
2492766.0,QCqu1EeTqGzPjtcbnROMfg,SUBWAY,2412 N LINCOLN AVE ,Subway,2412 N Lincoln Ave
2484113.0,9WkhAZTkjG8by0KpHpwQNQ,GORDILLAS,3759 W 26TH ST ,Gordillas,3759 W 26th St
2542936.0,0,JOSEPH'S RESTAURANT AND BAR,3123-3127 W 111TH ST ,,
2663537.0,0,FARM BAR EDGEWATER,1133 W GRANVILLE AVE ,,
2458615.0,litV8n80jZFu5UiXNnggTg,KANELA,5413 N CLARK ST ,Kanela Breakfast Club,5413 N Clark St
1894606.0,0,GREEN MONKEY INC.,1325 S STATE ST ,,
2621507.0,0,COFFEE SHOP,1145 W WILSON AVE ,,
45628.0,x7fs4pwnwLNsj4ZKfgR8xQ,VAUGHANS PUB,5485 N NORTHWEST HWY ,Vaughan's Pub & Grill,5485 N Northwest Hwy
1887531.0,CXKoJxMkkCc0g9Pl7HAsRA,4 HERMANOS TOO,6145 W TOUHY AVE ,4 Hermanos Too,6145 W Touhy Ave
2313501.0,7Fh2VuePY1I8mGT8mW3Psw,"POTBELLY SANDWICH WORKS, LLC",1293 N MILWAUKEE AVE ,Potbelly Sandwich Shop,1293 N Milwaukee Ave
2398675.0,gLcItuS3IkzGzNIq0kWgHQ,IXCATECO GRILL,3402 W MONTROSE AVE ,Ixcateco Grill,3402 W Montrose Ave
2088562.0,4i1Ny2zIE1VJSU9gLMkHqg,LULA CAFE,2537-2543 N KEDZIE AVE ,Lula Cafe,2537 N Kedzie Blvd
17186.0,p8nvZAnNOqW8ojfhTnj0Kw,TOON'S BAR & GRILL,3857 N SOUTHPORT AVE ,Toons Bar & Grill,3857 N Southport Ave
2652905.0,JWxyXxpOtglbls9rDKoRuA,INOKO SUSHI,2521 N CALIFORNIA AVE ,Inoko Sushi,2521 N California Ave
2632244.0,gs-PZjw3VONWJQFCSTDTeg,SUNSET PHO CAFFE,2856 N CLARK ST ,Sunset Pho Caffe,2856 N Clark St
1593797.0,2DNznnPvmAKO4R__JGz5DQ,HACHI'S KITCHEN,2521 N CALIFORNIA AVE ,Hachi's Kitchen,2521 N California Ave
2231765.0,0,ARAMARK & LOYOLA DAMEN,6511 N SHERIDAN RD ,,
2368742.0,lN8LzG3xM-m323OgUiKFWg,BURGER KING #2654,2449 W LAWRENCE AVE ,Burger King,2449 W Lawrence Ave
2652368.0,AFO2svdyMkT_SL_AU_mcqg,HALAL BURGER,6234 N CALIFORNIA AVE ,The Halal Burger,6234 N California
2476217.0,cDI0r_P_x2InX-zlM8tjqw,ANGRY CRAB,1308 N MILWAUKEE ,The Angry Crab,1308 N Milwaukee Ave
2652906.0,JWxyXxpOtglbls9rDKoRuA,INOKO SUSHI,2521 N CALIFORNIA AVE ,Inoko Sushi,2521 N California Ave
2133985.0,RFAH0zb89BkscKHB9VZdLA,EL BUEN VALLE RESTAURANT,4114 W NORTH AVE ,El Buen Valle Restaurant,4114 W North Ave
2451734.0,hQJwu3JoNP6Yu2K4utotMw,EL CHURRITO,5711 W 63RD ST ,EL CHURRITO,5711 W 63rd St
2202621.0,0,Chartwells Thompson Hospitality,1010 N NOBLE ST ,,
2601991.0,0,LOS CHEPES,3116 W POPE JOHN PAUL II DR ,,
1575636.0,JoT_npTii4Kavxr6WC0etA,VINNIES SUB SHOP,1204 W GRAND AVE ,Vinnie's Sub Shop,1204 W Grand Ave
2203103.0,Q-u8C-xY6xSaS9rvtEqIyQ,COUNTY BARBEQUE,1352 W TAYLOR ST ,County Barbeque,1352 W Taylor St
1593798.0,2DNznnPvmAKO4R__JGz5DQ,HACHI'S KITCHEN,2521 N CALIFORNIA AVE ,Hachi's Kitchen,2521 N California Ave
2320900.0,68qI4BHi_gVQcgNrVaql-Q,DOLLOP COFFEE CO at the Fisher Building,343 S DEARBORN ST ,Dollop Coffee Company,343 S Dearborn St
2636448.0,0,CRERAR CAFE,5730 S ELLIS AVE ,,
2622726.0,fF5_VmlLDUaMFsp2u0THOw,LAO SZE CHUAN,4832 N BROADWAY ,Lao Sze Chuan - Uptown,4832 N Broadway St
2500946.0,W2BAwHWnYi1RinvaZEe2BQ,LIFE LLC,3858 W MADISON ST ,Life Restaurant,3858 W Madison
2446872.0,az6NiSVqt0V5Yg9-SBlxxQ,AFC SUSHI @ JEWEL OSCO #3224,6430 W IRVING PARK RD ,Jewel-Osco,6430 W Irving Park Rd
2658917.0,FR8GJnbrUxADUA3euUKdOw,MAMA LUNA RESTAURANT,5109 W FULLERTON AVE ,Mama Luna's,5109 W Fullerton Ave
2059601.0,0,EL TACONZAZO,5145 S PULASKI RD ,,
2197093.0,ORp0GiM6z6g_XdJD0nug-Q,Subway,3675 W Grand AVE ,Subway,4435 W Grand Ave
66515.0,vMV2C7DaJ7J57FFlTw5sqg,ARYA BHAVAN,2508 W DEVON AVE ,Arya Bhavan,2508 W Devon Ave
1496019.0,_p8b30Dh-7fqMcRAP1ftJQ,CHIPOTLE MEXICAN GRILL,2302 W 95TH ST ,Chipotle Mexican Grill,2302 W 95th St
2252373.0,kNyNZE7-6vgrMtaeS1sOVw,Links Taproom,1559 N MILWAUKEE AVE ,Links Taproom,1559 N Milwaukee Ave
2632243.0,gs-PZjw3VONWJQFCSTDTeg,SUNSET PHO CAFFE,2856 N CLARK ST ,Sunset Pho Caffe,2856 N Clark St
1883567.0,mXZS-Ue3awMfbMZLbaw72Q,"SHOKOLAD PASTRY & CAFE, INC",2524 W CHICAGO AVE ,Shokolad,2524 W Chicago Ave
2652875.0,0,ORA CASUAL DINING,6043 W ADDISON ST ,,
28690.0,ZYxhYyPh6DKq1XI5N2XZUA,DUNKIN DONUT,1127 W BRYN MAWR AVE ,Dunkin' Donuts,1127 W Bryn Mawr Ave
2590021.0,UuFw2uvguW9jVdsjrMWmxA,TACO BURRITO KING,811 W JACKSON BLVD ,Taco Burrito King,811 W Jackson Blvd
2398252.0,vsaRYKVnameNtRrnHGmEhg,NAMI,1828-1830 W MONTROSE AVE ,Nami Sushi Bar,1828 W Montrose Ave
2192995.0,0,BOULEVARD DELI & LIQUOR,2956-2958 W NORTH AVE ,,
1140128.0,0,MCDONALD'S CORPORATION,11601 W TOUHY AVE ,,
